ID,q,temp_ratio,omega,r1,r2,i,l1frac,f,EpochHJD,RA_2000,Dec_2000,Period,Vmax,sigma_mag,N_obs,RA_2000_deg,Dec_2000_deg,ShortID,HA,Observable
CSS_J011848.4+132107,0.11,0.975,1.94,0.594,0.237,89.6,0.883,0.68,6589.79386,1:18:48,+13:21:07.6,0.3439788,13.21,0.01,300,19.7,13.35211111111111,132107,30.169727148580932,True
CSS_J015301.5+223638,0.2,1.026,2.186,0.539,0.269,80.0,0.782,0.36,3653.82712,1:53:02,+22:36:38.4,0.259414,15.92,0.03,274,28.25833333333333,22.610666666666667,223638,21.611389645686813,True
CSS_J021552.4+324419,0.11,0.92,1.971,0.58,0.221,79.3,0.909,0.25,5120.91902,2:15:52,+32:44:19.5,0.573798,14.68,0.02,350,33.96666666666666,32.73875,324419,15.903052138614726,True
CSS_J022044.4+280006,0.15,0.944,2.063,0.563,0.249,84.7,0.87,0.41,4405.81533,2:20:44,+28:00:06.1,0.7593753,14.42,0.02,356,35.18333333333333,28.001694444444446,280006,14.686385471948029,True
CSS_J030702.2+261521,0.09,0.952,1.903,0.599,0.213,81.2,0.91,0.42,5648.62161,3:07:02,+26:15:21.8,0.7283894,13.98,0.02,374,46.75833333333333,26.256055555555555,261521,3.1113813023871444,True
CSS_J051156.6+011756,0.15,0.925,2.072,0.56,0.245,83.1,0.882,0.32,3703.75981,5:11:57,+01:17:56.5,0.7527221,14.82,0.02,351,77.9875,1.2990277777777777,011756,-28.117785364279484,True
